,TimeStamp,pm25,pm1,pm10,co2,o3,cho2,no2,so2,LocationLat,LocationLong
0,2020-02-06,126.0,70.0,147.0,,,,,,45.516265,25.368046
1,2020-02-18,0.0,0.0,0.0,698.0,20.0,117.0,,,45.70151345,25.68627376
2,2020-04-07,21.0,12.0,24.0,,,,,,45.6718,25.6006
3,2020-04-09,18.0,14.0,21.0,477.0,24.0,7.0,,,45.645827,25.602524
4,2020-12-12,4.0,1.0,5.0,,,,,,45.670103,25.617966
5,2020-12-20,13.0,9.0,16.0,,,,,,45.636264,25.610012
6,2021-01-09,10.0,3.0,3.0,,,,,,45.665022,25.561726
7,2021-01-11,1.0,1.0,1.0,,,,,,45.666641,25.568426
8,2021-01-16,18.388316761363637,11.360035523978686,21.29777365491651,516.3046127067015,33.75599730458221,5.86695652173913,7.278143712574851,,45.65846672722148,25.559748761409175
9,2021-01-22,57.0,46.0,65.0,,,,,,45.65670084,25.61748527
10,2021-01-24,18.776362875865594,12.172979504577775,21.622355631789596,499.44827586206895,32.70453689759036,6.026711996114619,12.446979583245632,,45.659074663017314,25.56168520556139
11,2021-01-25,5.509301885602573,2.908053225704736,7.483454974482797,494.2787227693226,35.75222558844092,5.853476574156968,4.964597093791282,,45.65873362540239,25.55764043334593
12,2021-01-26,14.390018484288355,9.078558225508319,15.009983361064892,480.41597796143253,61.21338199513382,2.716253443526171,7.5687500000000005,,45.6624980751416,25.57069120025173
13,2021-01-27,10.494169096209912,6.043731778425656,12.071969696969697,558.1587301587301,27.458579881656803,6.849206349206349,5.075294117647059,,45.65803520450674,25.557612814549326
14,2021-01-28,13.62532637075718,8.053524804177545,15.617045454545455,552.8333333333334,26.243715846994537,6.840579710144928,5.997802197802197,,45.65825813866111,25.558003461306853
15,2021-01-29,29.696246648793565,18.37479892761394,35.42786458333333,479.69348894348894,20.25442054958184,7.006748466257669,17.349431818181817,,45.694508665074665,25.474669453962
16,2021-02-01,17.284684684684684,11.223423423423423,20.0755905511811,516.975,23.736607142857142,7.1,10.475,,45.65532252855449,25.56671959843137
17,2021-02-02,20.88888888888889,13.864197530864198,24.886021505376345,548.8655462184873,22.30179640718563,7.168067226890757,11.146354166666667,,45.655409829785654,25.566061349002794
18,2021-02-03,22.63157894736842,15.10414333706607,27.1984126984127,557.1322314049587,22.079041916167665,7.016528925619835,12.684239130434783,,45.65607325813241,25.566179003076034
19,2021-02-04,7.913207547169812,4.753459119496855,11.27103825136612,514.7,25.857738095238098,11.216666666666667,6.280729166666667,,45.65532005340888,25.56621166730878
20,2021-02-05,7.020080321285141,4.052208835341365,7.920415224913495,531.025,26.580357142857142,9.425,5.975,,45.65532560589515,25.565269730642928
21,2021-02-06,12.625916870415647,8.09046454767726,14.940425531914894,528.5333333333333,25.765476190476193,6.916666666666667,9.552040816326532,,45.65499390752768,25.56705795247232
22,2021-02-07,11.64203233256351,7.535796766743649,13.299798792756539,542.8307692307692,23.646153846153847,6.876923076923077,5.6499999999999995,,45.655171229484054,25.565811448423187
23,2021-02-08,7.533190578158458,4.122055674518201,8.148956356736242,528.3970588235294,30.230978260869566,15.455882352941176,7.989583333333333,,45.656558572125206,25.56918404339374
24,2021-02-09,3.911439114391144,2.1414514145141452,4.926881720430107,531.3958333333334,36.07105263157895,9.277777777777779,5.464171122994652,,45.655888326352866,25.567287293604615
25,2021-02-10,4.992258064516129,2.930322580645161,5.767857142857143,517.8611111111111,35.984455958549226,7.395833333333333,6.881443298969073,,45.6560763462825,25.567099305054807
26,2021-02-11,8.154580152671755,5.113549618320611,9.636675235646958,581.125,39.59319371727749,6.277777777777778,6.427368421052631,,45.65290352964036,25.5705774120979
27,2021-02-12,11.230290456431534,6.6037344398340245,14.15036231884058,643.1666666666666,39.52946428571429,5.869047619047619,4.420535714285714,,45.6567003012718,25.56748642099487
28,2021-02-13,14.194614443084456,8.226438188494493,16.48452508004269,627.6736111111111,38.0625,5.833333333333333,4.034375,,45.656523579692305,25.567755959891404
29,2021-02-14,19.995041322314048,12.36198347107438,22.020143884892086,596.074074074074,38.18680555555555,5.87037037037037,4.277083333333334,,45.656707839123015,25.567299285334958
30,2021-02-15,19.34288747346072,10.863057324840764,20.26908023483366,502.7395833333333,37.2640625,5.770833333333333,6.396875,,31.00139146064668,17.361365924562023
31,2021-02-16,23.26261319534282,13.953428201811125,26.86562150055991,479.3125,36.18177083333333,5.819444444444445,8.557291666666666,,45.65644978940622,25.566631168407163
32,2021-02-17,45.42994505494506,29.217032967032967,51.798339264531435,502.731884057971,33.20163043478261,6.065217391304348,15.095108695652174,,45.65629378315405,25.56680761780544
33,2021-02-18,31.64119170984456,19.762953367875646,37.991130820399114,485.6666666666667,35.36735751295337,5.763888888888889,8.633497536945812,,45.656450052179885,25.56724121750156
34,2021-02-19,47.623056994818654,29.97020725388601,54.17006802721088,500.52777777777777,33.30680628272251,5.784722222222222,12.467403314917126,,45.65631813055098,25.56641505973401
35,2021-02-20,52.97139141742523,33.3628088426528,60.742407199100114,532.7638888888889,30.483854166666664,6.0,12.373958333333334,,45.656345278675495,25.5666529259035
36,2021-02-21,41.1731843575419,25.924581005586592,48.742478941034896,521.4130434782609,30.766304347826086,5.840579710144928,10.313586956521739,,45.656429596055105,25.566392463988578
37,2021-02-22,41.81065088757396,26.761341222879686,48.87972508591065,539.3777777777777,29.8675,5.888888888888889,14.894166666666667,,45.65634149650655,25.56725024024745
38,2021-02-23,35.75,23.075,41.64204545454545,573.4861111111111,30.21875,28.520833333333332,13.955208333333333,,45.65629578945559,25.56685942844317
39,2021-02-24,35.503311258278146,23.00662251655629,41.03409090909091,573.1666666666666,28.077499999999997,5.933333333333334,12.665000000000001,,45.65590063380503,25.565638939229558
40,2021-02-25,28.904362416107382,18.719798657718123,34.901615271659324,588.4019607843137,32.08308823529412,6.9411764705882355,12.391911764705881,,45.666312477058334,24.94029246857083
41,2021-02-26,43.2184249628529,24.921248142644874,48.55798090040928,617.5555555555555,28.83020833333333,11.006944444444445,11.910416666666668,,45.80442174660955,24.912033024406366
42,2021-02-27,23.362301101591186,15.474908200734394,28.092849519743865,621.7777777777778,32.129687499999996,6.222222222222222,6.593229166666667,,45.87213608666064,24.588376902515837
43,2021-02-28,11.64448336252189,6.873905429071804,13.410060975609756,587.4117647058823,34.25588235294118,5.882352941176471,3.3838235294117647,,45.87367542676989,24.57746256794409
44,2021-03-01,13.556844547563806,7.82830626450116,14.773737373737374,623.5512820512821,35.222115384615385,8.717948717948717,4.301923076923076,,45.87663834281818,24.56785337319886
45,2021-03-02,17.65491047205643,10.576776994031471,16.580731969860064,531.5,37.7,13.166666666666666,5.050000000000001,,48.3053702725461,13.5568482417961
46,2021-03-03,18.708677685950413,11.483471074380166,21.21985815602837,517.2604166666666,33.9421875,16.604166666666668,8.9,,45.65608701928994,25.566030785285996
47,2021-03-04,17.092226744763227,10.841116852146264,19.56889106967615,1285.6745098039216,43.67432675044883,101.16470588235295,14.558947368421052,,45.659608027963685,25.617827437686998
48,2021-03-05,27.81491002570694,18.19280205655527,33.4880174291939,530.5,28.628571428571426,6.8428571428571425,12.924999999999999,,45.65389874001228,25.563428860122773
49,2021-03-06,16.346172839506174,9.962962962962964,18.22573839662447,589.8985507246376,33.010351966873706,6.918840579710145,7.149456521739131,,45.653981631056034,25.564443571023705
50,2021-03-07,18.45179856115108,11.530935251798562,20.663803680981594,559.4583333333334,32.605357142857144,6.808333333333334,8.422395833333333,,45.653205402043795,25.562942153368095
51,2021-03-08,28.396198830409357,18.230994152046783,32.55721393034826,546.2,32.55773809523809,6.866666666666666,11.028645833333334,,45.65411756599156,25.564656349240504
52,2021-03-09,24.707736389684815,15.634670487106018,28.54645476772616,526.7226890756302,33.17604790419161,6.823529411764706,7.394791666666666,,45.65416348237253,25.564521685827263
53,2021-03-10,18.566951566951566,11.896011396011396,20.963503649635037,532.6528925619834,33.92130177514793,6.892561983471074,6.080729166666667,,45.65382615880041,25.564042146928646
54,2021-03-11,20.180351906158357,12.381231671554252,22.26059850374065,524.825,44.00238095238095,6.8,7.377604166666667,,45.65365342236787,25.56352951805497
55,2021-03-12,29.2998585572843,18.72984441301273,33.51148730350665,503.2416666666667,45.104166666666664,6.833333333333333,10.205729166666666,,45.65426088832131,25.564708760123583
56,2021-03-13,31.001447178002895,19.879884225759767,36.96177558569667,499.01666666666665,43.27559523809524,6.883333333333334,8.806770833333333,,45.65353523409424,25.56346202940314
57,2021-03-14,20.19136690647482,12.802877697841726,24.65766871165644,502.98333333333335,39.44702380952381,6.841666666666667,8.114062500000001,,45.65385653760166,25.56410147036496
58,2021-03-15,18.544159544159545,12.21937321937322,21.374695863746958,516.0833333333334,46.55059523809524,6.841666666666667,7.970833333333334,,45.65378071590062,25.564202112919254
59,2021-03-16,5.620396600566572,3.1657223796033995,7.284503631961259,570.1083333333333,44.989285714285714,6.825,7.1484375,,45.654022135628864,25.56416129802062
60,2021-03-17,3.962908011869436,1.844213649851632,4.81360201511335,567.9666666666667,45.517857142857146,6.8,5.265625,,45.65372688332622,25.5639369382516
61,2021-03-18,12.405063291139241,7.684950773558368,13.429602888086643,533.040650406504,42.402325581395345,7.211382113821138,6.1484375,,45.65429352459285,25.564454422568996
62,2021-03-19,10.902912621359222,6.520775623268698,12.351126927639383,568.5524475524476,42.38894736842105,15.936170212765957,5.7625,,45.656368845925925,25.56477330477513
63,2021-03-20,19.62892223738063,11.993178717598909,21.75263774912075,525.3472222222222,39.02916666666667,12.916666666666666,6.868229166666667,,45.655164638452504,25.567857481958864
64,2021-03-21,23.050067658998646,14.523616734143049,26.831591173054587,502.04895104895104,39.8453125,5.647887323943662,7.3484375,,45.65517928328358,25.567917938948735
65,2021-03-22,28.305263157894736,17.831622176591377,32.31071428571428,523.9784946236559,41.8,10.612903225806452,7.6453125,,45.654544772237166,25.569888278968612
66,2021-03-27,25.194285714285716,16.44,30.348717948717947,589.6333333333333,43.136842105263156,10.666666666666666,19.244999999999997,2.6833333333333336,45.87224048362319,24.585577213840576
67,2021-03-28,20.637997432605903,13.091142490372272,25.768631813125694,563.1736111111111,39.12083333333333,6.375,9.730833333333333,2.3902777777777775,45.879357644198684,24.554138770834115
68,2021-03-29,12.672544080604535,7.785894206549118,15.300875273522976,577.1458333333334,39.729687500000004,8.291666666666666,6.531666666666666,2.361111111111111,45.87575574155268,24.568786464029575
69,2021-03-30,20.773824650571793,13.716645489199491,23.919514884233738,567.5625,36.49427083333333,8.9375,11.585,2.7305555555555556,45.877961663125575,24.562417689934883
70,2021-03-31,24.58084577114428,16.42412935323383,29.04756756756757,567.6666666666666,38.530569948186525,7.993055555555555,11.636363636363637,2.767123287671233,45.87349873282927,24.579070760682928
71,2021-04-01,22.830429732868758,14.818815331010454,25.958163265306123,545.4027777777778,38.64921465968586,12.381944444444445,12.286554621848738,2.5154929577464786,45.8605072323497,24.636688264780716
72,2021-04-02,15.68660598179454,9.988296488946684,18.173228346456693,567.7569444444445,39.296875,16.631944444444443,9.549166666666668,2.5152777777777775,45.88226553960265,24.542058309252603
73,2021-04-03,9.308953341740226,5.422446406052964,10.665936473165388,576.9375,36.783854166666664,32.75,5.0858333333333325,2.322222222222222,45.877483929750234,24.56584985946346
74,2021-04-04,16.5086782376502,10.261682242990654,17.475258918296895,561.4027777777778,36.114062499999996,6.798611111111111,4.9558333333333335,2.4347222222222222,45.886749749913214,24.521843181947926
75,2021-04-05,15.57089552238806,9.808457711442786,17.143939393939394,553.7222222222222,35.03072916666667,29.78472222222222,8.075833333333334,2.290277777777778,45.87412235472527,24.577926742564102
76,2021-04-06,13.896284829721361,8.560371517027864,15.318488529014845,551.4537037037037,35.18630136986301,11.194444444444445,10.021052631578947,2.463157894736842,45.865599247005,24.63029435823914
77,2021-04-09,11.54679802955665,7.017241379310345,13.02819956616052,562.6666666666666,36.27872340425532,30.083333333333332,9.165454545454546,2.539393939393939,45.87284667806728,24.576993246801223
78,2021-04-10,15.254705144291092,10.074027603513175,16.886586695747003,533.0069444444445,34.932812500000004,6.590277777777778,9.616666666666667,2.591666666666667,45.873918834894006,24.573051624589862
79,2021-04-11,14.413587604290822,9.182359952324196,16.559958289885298,523.1958041958042,35.26753926701571,6.419580419580419,8.545833333333333,2.1958333333333333,45.868347189928954,24.602376523694492
80,2021-04-12,14.16793893129771,8.123091603053435,16.171232876712327,561.0758620689655,37.22435233160622,7.3517241379310345,12.551666666666668,2.913888888888889,45.825154532924465,24.78911943575916
81,2021-04-13,14.371777476255089,9.533875338753388,16.53146853146853,553.3958333333334,38.7796875,7.194444444444445,12.090833333333332,3.022222222222222,45.886791884400395,24.51414538370166
82,2021-04-14,6.06,3.3508114856429465,7.699891657638137,641.9154929577464,38.7738219895288,8.934306569343066,6.7324786324786325,2.573239436619718,45.86892934303626,24.580605581920715
83,2021-04-15,7.104446742502585,3.5170630816959667,8.102115915363385,637.2708333333334,34.39635416666667,15.159722222222221,7.223333333333333,2.4444444444444446,45.80936596203984,24.686567387952188
84,2021-04-16,9.353280461427541,6.062725306416727,11.695421366954214,726.3192612137203,46.70620347394541,8.70580474934037,6.051666666666667,2.220833333333333,45.78834074799476,25.102198842586283
85,2021-04-17,17.077956989247312,11.53225806451613,18.179278230500582,485.24615384615385,32.03409090909091,6.8,7.619130434782609,2.346376811594203,45.88784408328722,24.53955419424572
86,2021-04-18,16.700751537235252,12.608423449060899,17.69685746352413,537.7224404615762,24.220817571690056,6.996812553634915,5.5575,2.463888888888889,45.71407979251508,25.399358256274326
87,2021-04-19,18.30479896238651,11.8715953307393,19.792368125701458,522.3583333333333,31.311309523809523,6.8,9.019166666666667,2.401388888888889,45.89154269715942,24.52062499138164
88,2021-04-20,14.1191381495564,9.465145754119138,17.795379537953796,495.2916666666667,32.54226190476191,6.783333333333333,7.670833333333333,2.365277777777778,45.889084509553655,24.537740675289648
89,2021-04-21,14.768725361366624,9.859395532194482,15.55328798185941,487.10833333333335,34.08392857142857,6.775,8.49917355371901,2.3383561643835615,45.89289742705653,24.511359991695905
90,2021-04-22,16.441176470588236,10.172459893048128,18.079584775086506,496.68333333333334,32.695238095238096,6.783333333333333,10.915126050420168,2.592957746478873,45.89670071608309,24.49581766140455
91,2021-04-23,14.6159793814433,9.064432989690722,16.537946428571427,511.45,34.25357142857143,6.791666666666667,8.9775,2.415277777777778,45.88991499476923,24.527813011230773
92,2021-04-24,13.23049645390071,7.714539007092198,12.891625615763546,512.1636363636363,36.274358974358975,6.781818181818182,6.903571428571429,2.5088235294117647,47.039851418125,19.298184470561523
93,2021-04-25,15.240691489361701,9.808510638297872,17.278630460448642,509.46666666666664,35.550299401197606,6.791666666666667,5.826666666666667,2.602816901408451,45.653864417802055,25.564238269228735
94,2021-04-26,13.988188976377952,8.891076115485564,15.988344988344988,496.2352941176471,34.25868263473054,6.756302521008403,6.694117647058824,2.7125000000000004,45.653595007599996,25.5649039748
95,2021-04-27,16.841618497109828,10.463583815028901,18.998959417273674,549.3140495867768,33.25207100591716,6.818181818181818,8.236666666666666,2.4180555555555556,45.65483276529412,25.569729989910876
96,2021-04-28,14.74934725848564,9.288511749347258,16.622969837587007,511.43333333333334,32.54940476190476,6.783333333333333,7.100833333333333,2.490277777777778,45.7700951855773,25.035342572485327
97,2021-04-29,9.646266829865361,5.674418604651163,10.559693318729463,504.40833333333336,31.407738095238095,6.8,7.909166666666667,2.5680555555555555,46.00619692,23.9681335989562
98,2021-04-30,10.173076923076923,6.2756410256410255,11.343607305936073,529.2416666666667,31.45654761904762,6.841666666666667,7.864166666666667,2.6624999999999996,45.74853130131274,25.12941276011583
99,2021-05-01,13.754302325581396,7.012905476107429,15.677315559641462,531.0916666666667,30.922023809523807,6.833333333333333,6.744628099173554,2.4205479452054792,45.692768541230386,25.4880622432419
100,2021-05-02,5.606217616580311,2.9909326424870466,7.110726643598616,518.4083333333333,34.07678571428571,6.766666666666667,3.388235294117647,2.4760563380281693,45.89207407357352,24.514185893943527
101,2021-05-03,4.079046424090339,2.0526976160602257,4.7204419889502764,559.7833333333333,36.67528735632184,6.7,2.002222222222222,2.4135802469135803,45.88379749696345,24.55423298985942
102,2021-05-04,7.275537634408602,4.119623655913978,7.796139927623643,552.1583333333333,33.2717791411043,6.716666666666667,5.659433962264151,2.3453125,45.901503591553,24.470926828271438
103,2021-05-05,10.51621271076524,6.5473411154345005,11.551963048498845,541.2941176470588,34.15120481927711,6.756302521008403,6.912605042016807,2.471830985915493,45.887602845341576,24.509539761886796
104,2021-05-06,5.118090452261306,2.5753768844221105,6.201793721973094,547.900826446281,35.25266272189349,6.8429752066115705,5.845,2.3805555555555555,45.88026313595442,24.53742914765432
105,2021-05-07,6.927710843373494,3.980284775465498,7.866204162537166,529.3333333333334,32.68154761904762,6.741666666666666,8.294166666666666,2.5819444444444444,45.8623251235757,24.638833748229253
106,2021-05-08,6.003931847968545,3.0471821756225426,6.631395348837209,549.575,34.95266272189349,6.733333333333333,3.4892561983471073,2.6013698630136988,45.886583912799736,24.504178454831752
107,2021-05-09,5.92274678111588,3.291845493562232,6.581818181818182,534.5222222222222,32.696,6.833333333333333,6.358426966292135,2.5245283018867926,45.85566710069689,24.653387071030348
108,2021-05-10,7.2967914438502675,4.292780748663102,8.222748815165877,514.6,34.81071428571428,6.808333333333334,8.6325,2.4055555555555554,45.88979150878486,24.4876391711255
109,2021-05-11,8.618083670715249,5.276653171390014,9.846511627906978,525.4666666666667,36.87023809523809,6.8,7.964166666666667,2.576388888888889,45.889809853981426,24.488461281801595
110,2021-05-12,7.158322056833559,4.2571041948579165,8.525581395348837,545.625,38.462130177514794,6.75,6.607438016528926,2.7095890410958905,45.89013732219715,24.4872552936077
111,2021-05-13,9.069400630914826,3.7470449172576834,10.273184759166067,572.8731343283582,37.069060773480665,6.3059701492537314,6.932773109243698,2.1352112676056336,45.823555758995475,24.83258012960552
112,2021-05-14,6.157162726008345,3.653685674547983,7.028605482717521,579.5,35.71666666666667,6.072463768115942,6.4075,2.598611111111111,45.883630392019995,24.530339748710002
113,2021-05-18,2.352720450281426,0.7269303201506592,3.4199655765920824,621.625,45.301171875,3.883116883116883,3.782,2.4133333333333336,45.80647853593864,24.973299897299153
114,2021-05-19,5.267696267696268,2.815958815958816,6.0,510.05,33.502339181286544,6.791666666666667,6.6,2.494736842105263,45.88049166324204,24.534159562751594
115,2021-05-20,10.018324607329843,6.397905759162303,11.186534216335541,540.475,32.285542168674695,6.858333333333333,8.38661971830986,2.1956521739130435,45.882104283759205,24.528333391111108
116,2021-05-21,8.019736842105264,4.727631578947369,9.23391812865497,540.2833333333333,32.204790419161675,6.85,6.28,2.4126760563380283,45.8894663421457,24.491830298092715
117,2021-05-22,4.767441860465116,2.302325581395349,5.717391304347826,,7.95,,7.8,2.1666666666666665,45.657407455,25.590137564285715
118,2021-05-23,7.892761394101877,5.040214477211796,9.316279069767441,481.1166666666667,43.13452380952381,6.8,4.529824561403508,2.917142857142857,45.88945076043766,24.491119345172415
119,2021-05-24,3.6860759493670887,1.6379746835443039,4.541095890410959,533.5230769230769,41.59135802469136,6.661538461538462,5.5093023255813955,2.2960000000000003,45.90163380860825,24.431987279658507
120,2021-05-25,4.801724137931035,2.55,6.45820895522388,506.72222222222223,35.88740157480315,6.766666666666667,8.396666666666667,2.690740740740741,45.882990044207816,24.52329980196651
121,2021-05-26,5.693931398416886,3.253298153034301,7.161327231121281,526.6166666666667,39.142168674698794,6.766666666666667,6.149137931034482,2.4385714285714286,45.88706148712509,24.503540898572364
122,2021-05-27,8.325332751472834,6.096078431372549,8.72298163178129,555.8737864077669,33.636296296296294,6.932038834951456,7.524489795918367,2.3000000000000003,45.68819635080766,25.41062559884957
123,2021-05-28,4.892361111111111,2.7261698440207973,6.095826893353942,591.3777777777777,33.73664122137404,6.465909090909091,6.264367816091954,2.2377358490566035,45.87236991592705,24.578760701254886
124,2021-05-29,8.441281138790035,5.454225352112676,9.419906687402799,545.0212765957447,35.31157024793388,5.968085106382978,3.9377777777777774,55.41730769230769,45.86974423388329,24.5882514837692
125,2021-05-30,8.785507246376811,2.299159663865546,9.767116796967544,556.3411764705883,33.54835164835165,6.234567901234568,4.161538461538462,2.648387096774193,45.4586571416109,25.344496790659075
126,2021-05-31,4.689054726368159,2.485645933014354,6.084070796460177,535.4107142857143,31.995604395604396,5.676470588235294,6.3545454545454545,2.2704545454545455,45.851728381777235,24.705574720590384
127,2021-06-01,4.741687979539642,2.4198473282442747,6.0886075949367084,546.9516129032259,33.90438596491228,6.032258064516129,6.098850574712644,2.311111111111111,45.858074620776584,24.681693620931902
128,2021-06-02,5.486935866983373,3.0022075055187636,6.728952772073922,537.8260869565217,37.647872340425536,6.724137931034483,5.290666666666667,2.3023809523809526,45.92220859373633,24.39095421785262
129,2021-06-03,6.101744186046512,3.459214501510574,7.0464547677261615,515.4545454545455,35.33975903614458,6.0,5.8983333333333325,2.1914285714285717,45.87825725899859,24.58381609995063
130,2021-06-06,7.786245353159852,4.884758364312268,9.836569579288026,532.1078431372549,38.77089552238806,5.950980392156863,6.178125,1.9666666666666668,45.891163449312074,24.523461644952164
131,2021-06-07,8.594262295081966,5.595628415300546,10.030516431924882,528.7777777777778,35.8890625,6.083333333333333,7.535416666666666,2.5555555555555554,45.89692655766799,24.500002361146247
132,2021-06-08,9.470483005366725,6.465116279069767,11.160550458715596,523.1574074074074,37.74315068493151,6.092592592592593,7.476315789473685,2.6859649122807014,45.89188473199483,24.521001444971994
133,2021-06-09,8.754032258064516,5.758064516129032,11.727430555555555,540.7395833333334,40.77578125,6.104166666666667,9.224242424242423,2.2979166666666666,45.89352928327805,24.514367314809757
134,2021-06-10,29.765232974910393,26.57347670250896,30.010886469673405,553.8796296296297,37.74295774647887,6.074074074074074,7.168235294117647,2.2509803921568627,45.89379086526225,24.514809470645858
135,2021-06-11,19.56774193548387,16.311827956989248,21.177981651376147,558.4888888888889,32.64344262295082,6.033333333333333,7.1775,2.2104166666666667,45.89060137805128,24.530413021358974
136,2021-06-12,5.565310492505353,3.2248394004282654,8.513966480446927,544.7444444444444,43.594915254237286,6.055555555555555,4.898571428571429,2.473809523809524,45.893059425181725,24.51722747167705
137,2021-06-13,6.859180035650624,4.110516934046346,10.111280487804878,593.4722222222222,33.74246575342465,6.166666666666667,5.591578947368421,2.412280701754386,45.89015509610401,24.532664833751063
138,2021-06-14,3.618595825426945,1.6944971537001898,6.602965403624382,568.3823529411765,34.8910447761194,6.1568627450980395,5.5912500000000005,2.3854166666666665,45.89351062453627,24.515353037497704
139,2021-06-15,3.3755458515283845,3.014377406931964,4.8276984723265715,563.8333333333334,32.47901234567902,6.275,6.207619047619048,2.2412698412698413,45.71206966439449,25.345098341600192
140,2021-06-16,8.258663028649385,5.085675306957708,9.058981955292216,505.6228813559322,34.691071428571426,6.5508474576271185,9.612,2.35,45.91968442459878,24.390051623844066
141,2021-06-17,7.894679695982628,5.283387622149837,10.379442843419788,509.03472222222223,32.682291666666664,6.1875,8.088333333333333,2.411111111111111,45.85727500650124,24.67673752777502
142,2021-06-18,10.169943820224718,6.563202247191011,12.367788461538462,512.1388888888889,33.379687499999996,6.284722222222222,9.178333333333335,2.447222222222222,45.90104046036,24.48502206968
143,2021-06-19,5.966896551724138,3.3213793103448275,8.411347517730496,509.74825174825173,33.823437500000004,6.090909090909091,6.150413223140497,2.1506849315068495,45.897550421901315,24.500104736855267
144,2021-06-20,10.116504854368932,6.280166435506241,11.934831460674157,517.1724137931035,31.647395833333334,6.206896551724138,7.724260355029586,2.1422535211267606,45.890434165892515,24.531356433026232
145,2021-06-21,9.50733137829912,5.3551219512195125,8.929527207850134,519.4722222222222,36.878125000000004,6.097222222222222,5.013541666666667,2.3138888888888887,47.03728085561327,19.338569185045
146,2021-06-22,7.010339734121122,4.326440177252585,9.216041397153946,545.4583333333334,41.964062500000004,6.145833333333333,6.297916666666667,2.4625000000000004,45.66261797751317,25.56594156130664
147,2021-06-23,10.53903903903904,7.003003003003003,19.022959183673468,552.2447552447552,41.00261780104712,6.685314685314685,7.1169491525423725,2.379166666666667,45.66253645246235,25.565778561765324
148,2021-06-24,11.744710860366714,7.8787023977433,43.18214716525935,557.3862068965517,41.983419689119174,6.255172413793104,8.003333333333334,2.3125,45.66427494925852,25.570922807294586
149,2021-06-25,14.751506024096386,9.992469879518072,38.330357142857146,557.8333333333334,47.2796875,6.361111111111111,8.23,2.401388888888889,45.66066479764706,25.564003249663863
150,2021-06-26,5.514652014652015,2.9945054945054945,8.79549114331723,561.8148148148148,40.2963768115942,5.861111111111111,4.350666666666667,2.3822222222222225,45.66146899480589,25.568979963400267
151,2021-06-27,6.245098039215686,4.044117647058823,7.39514348785872,533.9333333333333,40.11203703703704,5.855555555555555,4.277777777777778,2.462962962962963,45.66159041182796,25.5591617422043
152,2021-06-28,7.49103139013453,4.866071428571429,8.919230769230769,552.9673913043479,40.232499999999995,5.778947368421052,7.035714285714286,2.511904761904762,45.66114808538012,25.56552173165869
153,2021-06-29,11.478125,7.30077519379845,11.880758807588077,550.0932203389831,43.71633986928105,5.991525423728813,7.83578947368421,2.5894736842105264,46.07141322701487,23.711798776679377
154,2021-06-30,15.675567423230975,10.555407209612817,17.142692750287686,540.9097222222222,46.15625,5.979166666666667,8.185,2.8097222222222222,45.916074036027005,24.41594872293153
155,2021-07-01,6.706146926536731,4.134932533733133,8.991048593350383,569.8260869565217,46.637499999999996,5.971014492753623,7.21304347826087,2.3289855072463768,45.6619365603252,25.567225534227642
156,2021-07-02,5.16,2.60125,6.33804347826087,598.0625,41.2171875,6.020833333333333,6.38,2.3152777777777778,45.824165247849265,24.841531035367645
157,2021-07-03,3.8792134831460676,1.8469101123595506,4.665066026410564,598.3958333333334,38.10569948186528,6.118055555555555,4.01900826446281,2.3232876712328765,45.89937715861518,24.487954170252998
158,2021-07-04,6.893351800554017,4.03601108033241,7.542211652794292,594.2777777777778,35.07277486910995,6.145833333333333,3.5352941176470587,2.3338028169014082,45.89746811516193,24.49546575064111
159,2021-07-05,7.360911270983213,3.9964028776978417,8.743186582809225,554.3194444444445,33.768229166666664,6.131944444444445,5.8341666666666665,2.4402777777777778,45.87820763944741,24.61082205729055
160,2021-07-06,10.58344827586207,6.755862068965517,11.695857988165681,508.78472222222223,35.509375,6.097222222222222,6.836666666666667,2.3375000000000004,45.89619579699901,24.497602819032576
161,2021-07-07,11.10909090909091,7.1216783216783215,13.530538922155689,540.4166666666666,39.88697916666667,6.236111111111111,7.179166666666666,2.425,45.89925590464606,24.487963265882353
162,2021-07-08,9.139082058414465,5.852573018080667,11.165673420738974,555.8951048951049,39.6586387434555,5.895104895104895,5.98,2.3569444444444443,45.89822625383698,24.490628570258448
163,2021-07-09,10.592641261498029,7.223390275952694,12.322360953461976,538.0068965517241,41.2860103626943,6.0,7.174166666666666,2.4027777777777777,45.88554365891428,24.532624836457142
164,2021-07-10,12.153427638737758,7.908596300326442,13.901734104046243,537.2517482517483,42.931937172774866,6.013986013986014,7.779166666666667,2.691666666666667,45.868540667149574,24.684788402222836
165,2021-07-11,12.53140703517588,8.386934673366834,13.837158469945356,569.8413793103448,46.549740932642486,5.9655172413793105,6.984166666666667,2.3722222222222222,45.88479482838967,24.558653720786722
166,2021-07-12,14.765925925925925,9.888724035608309,16.1375,565.2605633802817,44.166315789473686,6.042553191489362,8.0,2.447222222222222,45.63736857615545,25.188494198972936
167,2021-07-13,14.624103299856529,9.677187948350072,16.915544675642593,560.4861111111111,44.84166666666667,6.083333333333333,7.968333333333334,2.466666666666667,45.66005335163452,25.568374052467007
168,2021-07-14,14.586305278174038,9.495007132667618,16.87956204379562,548.2083333333334,43.90621761658031,5.965277777777778,7.903305785123966,2.63972602739726,45.6598152984113,25.570072776183107
169,2021-07-15,1.0685548293391431,0.7118126272912424,1.4251000571755288,540.7708333333334,45.926178010471205,5.979166666666667,7.318487394957983,2.6971830985915495,45.66574452114719,25.568437027700035
170,2021-07-16,10.419354838709678,6.676075268817204,12.094797687861272,556.0625,44.325906735751296,5.861111111111111,6.976859504132232,2.4794520547945207,45.662782019251615,25.560980101948385
171,2021-07-17,8.798569725864123,5.860548271752086,9.717413972888425,567.8402777777778,47.50209424083769,5.895833333333333,7.4675,2.4208333333333334,45.66566063706509,25.550868642733725
172,2021-07-18,14.569422776911077,10.05616224648986,15.454878048780488,570.9236111111111,49.08531746031746,5.847222222222222,4.934078212290503,2.2938931297709924,45.66355272992063,25.576008560595238
173,2021-07-19,14.361516034985423,9.46064139941691,15.81841432225064,577.2222222222222,55.545833333333334,6.298611111111111,8.670833333333333,2.3645833333333335,45.65843760760085,25.56821795932059
174,2021-07-20,5.53954802259887,2.9350282485875705,6.473880597014926,616.8819444444445,45.589285714285715,5.972222222222222,6.951041666666666,2.2979166666666666,45.65885446873444,25.569781604024897
175,2021-07-21,6.417771883289125,3.350132625994695,6.709976798143852,611.7152777777778,38.099444444444444,6.076388888888889,4.830555555555556,13.835,45.662891828421046,25.567980367134503
176,2021-07-22,7.969973890339426,4.473890339425587,8.419864559819413,592.5972222222222,34.55052083333333,6.104166666666667,5.239166666666667,2.6277777777777778,45.65968087776091,25.573538535559774
177,2021-07-23,8.713622291021672,5.599071207430341,9.220626631853786,543.5208333333334,39.294270833333336,5.986111111111111,9.016666666666667,3.3055555555555554,45.65971694770878,25.571366335417558
178,2021-07-24,11.193984962406015,7.410526315789474,11.775796178343949,533.8811188811189,40.60471204188482,6.034965034965035,9.47,3.263888888888889,45.6601176477521,25.570819961008404
179,2021-07-25,10.961932650073207,7.278184480234261,11.933997509339974,519.2689655172413,40.156476683937825,5.917241379310345,8.211666666666666,3.0875000000000004,45.66235835427984,25.566234233004117
180,2021-07-26,12.179487179487179,8.353276353276353,12.947688564476886,523.1875,45.49947916666667,6.006944444444445,9.166666666666666,3.272222222222222,45.66193083268687,25.56750087038384
181,2021-07-27,15.379694019471488,10.25452016689847,17.104886769964242,543.9097222222222,43.846354166666664,6.041666666666667,9.509166666666665,2.848611111111111,45.66191819300894,25.568068770287983
182,2021-07-28,8.169667212220403,5.281505728314239,9.438300051203276,555.625,48.1796875,6.194444444444445,9.103333333333333,2.7972222222222225,45.6591461208298,25.59395134709571
183,2021-07-29,11.370898716119829,7.124108416547789,12.746341463414634,565.5763888888889,45.00572916666667,6.111111111111111,9.278333333333334,2.786111111111111,45.66190359898853,25.566895652258932
184,2021-07-30,14.382521489971346,9.322349570200574,16.04156479217604,584.125,44.278124999999996,6.041666666666667,10.118333333333334,2.7680555555555557,45.6616871122718,25.567666164908722
185,2021-07-31,14.663768115942029,9.518840579710146,16.496296296296297,587.7847222222222,42.4546875,6.0625,7.8,2.7347222222222225,45.662260765541916,25.5655926398773
186,2021-08-01,15.24926542605289,10.530852105778647,16.655874190564294,554.8888888888889,43.552083333333336,6.0,5.449166666666667,2.8208333333333333,45.62201859622318,25.507695691845495
187,2021-08-02,11.301542776998598,7.259467040673211,12.31812725090036,566.7569444444445,48.95208333333333,5.888888888888889,7.216666666666667,2.8958333333333335,45.66125073096903,25.573563757642358
188,2021-08-03,4.615892997639654,2.525992438563327,6.518455598455598,651.1020616800137,49.727709213863065,3.0740929994890136,7.029166666666667,2.8208333333333333,45.70007421609294,25.57942075032752
189,2021-08-04,11.25625,7.14375,12.3,541.7583333333333,39.15595238095238,6.808333333333334,8.660833333333333,2.908333333333333,45.66318706626106,25.56948758761062
190,2021-08-05,10.273770491803278,6.436065573770492,11.887671232876713,523.8416666666667,47.473214285714285,6.825,8.0025,2.879166666666667,45.65959000700219,25.57121349299781
191,2021-08-06,6.918994413407821,3.5139664804469275,7.785885167464115,554.875,35.95238095238095,6.716666666666667,5.8575,2.8041666666666667,45.665688410564854,25.56463781548117
192,2021-08-07,4.8493589743589745,2.4294871794871793,5.184139784946237,526.9166666666666,36.80357142857143,6.708333333333333,5.240833333333333,2.801388888888889,45.661424797247705,25.567269758715597
193,2021-08-08,6.42948717948718,3.7099358974358974,6.924731182795699,520.5083333333333,32.948214285714286,6.783333333333333,6.525,2.9430555555555555,45.66064328738739,25.569304233333334
194,2021-08-09,10.090332805071315,6.450079239302694,10.529960053262316,522.6,35.05654761904762,6.933333333333334,8.914166666666667,3.004166666666667,45.66064909448584,25.57059900979881
195,2021-08-10,12.5635528330781,8.26646248085758,14.210866752910738,517.5083333333333,34.975,6.758333333333334,8.804166666666667,2.848611111111111,45.661576776881134,25.568446760305346
196,2021-08-11,8.499234303215927,5.131699846860643,10.069857697283311,520.9333333333333,34.330357142857146,6.8,6.698333333333333,2.7652777777777775,45.661450480806984,25.5695473995638
197,2021-08-12,9.455114822546973,6.208768267223382,10.437847866419295,535.8583333333333,36.07678571428571,6.816666666666666,6.721666666666667,2.7416666666666667,45.64949706252046,25.583509658756135
198,2021-08-13,10.741935483870968,6.703225806451613,12.17972972972973,533.5166666666667,32.492261904761904,6.708333333333333,7.625,2.8333333333333335,45.663478722171945,25.568102885067873
199,2021-08-14,10.367534456355283,6.464012251148545,11.47477360931436,522.2583333333333,34.06964285714285,6.8,7.552499999999999,2.7027777777777775,45.66267503097056,25.566845970992368
200,2021-08-15,10.741666666666667,6.6066666666666665,11.534722222222221,513.8,35.641666666666666,6.833333333333333,6.5925,2.7916666666666665,45.66327260925926,25.567031428703704
201,2021-08-16,12.5488,7.9872,13.476510067114093,513.875,39.73869047619048,6.825,9.429166666666667,2.8930555555555557,45.66296864724409,25.5671367496063
202,2021-08-17,12.09032258064516,7.731825525040388,13.525675675675675,525.675,50.601190476190474,6.775,8.589166666666667,2.9097222222222223,45.663083512334964,25.566880295435684
203,2021-08-18,7.158653846153846,3.8878205128205128,8.426075268817204,606.8666666666667,36.78630952380953,6.85,5.440833333333333,2.915277777777778,45.663008727927924,25.567006795495494
204,2021-08-19,6.138801261829653,3.0757097791798107,6.746684350132626,599.0333333333333,28.860714285714288,6.708333333333333,6.3516666666666675,2.7916666666666665,45.66334347483296,25.565666390200448
205,2021-08-20,8.473941368078176,5.01628664495114,9.002724795640328,577.4916666666667,30.803571428571427,6.766666666666667,7.86,2.8597222222222225,45.66266635580865,25.56837773394077
206,2021-08-21,12.458156028368794,7.892198581560284,13.28969696969697,546.5583333333333,34.70654761904762,6.791666666666667,6.055833333333334,2.9986111111111113,45.65926779040248,25.57739909329205
207,2021-08-22,14.996575342465754,9.972602739726028,16.272727272727273,542.2166666666667,33.80357142857143,6.866666666666666,6.335,2.9305555555555554,45.66477789905661,25.562286299056602
208,2021-08-23,14.918333333333333,9.896666666666667,16.58888888888889,507.9,36.298809523809524,6.783333333333333,7.140833333333333,2.801388888888889,45.66444823425926,25.56289625648148
209,2021-08-24,13.273476112026358,8.619439868204283,14.59009628610729,504.5,41.522619047619045,6.816666666666666,6.7875,2.8,45.66402018358209,25.564118563719862
210,2021-08-25,24.279329608938546,14.262569832402235,27.467336683417084,566.1333333333333,30.095652173913045,6.866666666666666,5.0649999999999995,2.75,45.682029902918586,25.602296592780338
211,2021-08-26,5.713646532438479,3.029082774049217,6.422932330827067,570.9444444444445,29.782258064516128,6.877777777777778,6.6,2.7411764705882353,45.66189304088542,25.564297425416665
212,2021-08-27,8.604863221884498,5.1063829787234045,9.078305519897304,545.4083333333333,31.942011834319526,6.833333333333333,5.768595041322314,2.850684931506849,45.6625886998917,25.566122612202165
213,2021-08-28,8.37936772046589,4.8069883527454245,9.341666666666667,553.7666666666667,31.936526946107783,6.916666666666667,4.663865546218488,2.797183098591549,45.65943301088383,25.566948594056345
214,2021-08-29,3.8932676518883413,1.625615763546798,5.043895747599452,511.8,33.74464285714286,6.783333333333333,4.645,2.7750000000000004,45.65989882029646,25.56738964857469
215,2021-08-30,4.862341772151899,2.356012658227848,5.550531914893617,506.2352941176471,31.932335329341317,6.7478991596638656,4.366666666666666,2.848611111111111,45.66151594433221,25.56716487093154
216,2021-08-31,7.664098613251156,4.4684129429892145,8.736020806241873,512.9256198347107,31.991715976331363,6.793388429752066,5.8533333333333335,2.9180555555555556,45.661703595623635,25.56885217330416
217,2021-09-01,4.51304347826087,2.2830917874396137,5.45021645021645,536.5416666666666,29.15,6.8,4.593333333333334,2.6083333333333334,45.66972720200154,25.567128093456507
218,2021-09-02,6.1066666666666665,2.9816666666666665,6.376388888888889,517.2416666666667,30.136904761904763,6.741666666666666,3.158333333333333,2.4444444444444446,45.66134872037037,25.56854420648148
219,2021-09-03,7.461666666666667,3.915,8.11111111111111,503.56666666666666,29.137500000000003,6.791666666666667,5.743333333333334,2.4375,45.66095149357798,25.56956841651376
220,2021-09-04,9.455894476504534,4.4024793388429755,11.07132132132132,500.96666666666664,29.575000000000003,6.816666666666666,5.808333333333334,2.338888888888889,45.678973251010675,25.597776833022937
221,2021-09-05,9.736666666666666,5.648333333333333,11.0375,508.93333333333334,30.802380952380954,6.816666666666666,3.7858333333333336,2.0694444444444446,45.659535803703704,25.56701826203704
222,2021-09-06,8.918300653594772,5.166666666666667,9.765027322404372,506.8333333333333,31.183333333333334,6.775,5.014166666666667,2.572222222222222,45.658967839819006,25.568470881447965
223,2021-09-07,10.329787234042554,6.101063829787234,11.665236051502147,574.1,24.851724137931036,6.8,6.315555555555555,2.4333333333333336,45.661523119413914,25.56330767032967
224,2021-09-08,8.497382198952879,5.010471204188482,10.179203539823009,484.7866666666667,31.122330097087378,6.773333333333333,6.535714285714286,2.4571428571428573,45.65923186740196,25.567105684497548
225,2021-09-09,8.177554438860971,4.720268006700167,9.822873082287309,526.5333333333333,28.339285714285715,6.7,7.5325,2.4000000000000004,45.659653546449356,25.56679619580908
226,2021-09-10,10.601680672268907,6.46890756302521,17.485314685314684,550.2268907563025,28.188023952095808,6.6722689075630255,9.7775,2.473611111111111,45.65960389090909,25.566819014452214
227,2021-09-11,12.706666666666667,8.01,27.0125,551.404958677686,29.673964497041418,6.8347107438016526,8.466666666666667,2.384722222222222,45.65944593803468,25.567196147283237
228,2021-09-12,6.707749077490775,4.402288245063665,8.689990982867448,543.325,29.26964285714286,6.758333333333334,7.5183333333333335,2.3319444444444444,45.716691532903376,24.837355016428237
229,2021-09-13,13.216783216783217,8.1993006993007,27.846820809248555,554.3166666666667,28.419047619047618,6.866666666666666,9.576666666666666,2.533333333333333,45.65762743349283,25.591592079425837
230,2021-09-14,14.118055555555555,8.711805555555555,28.90935251798561,553.6333333333333,28.448809523809523,6.808333333333334,8.5325,2.323611111111111,45.65759039666535,25.591681127510917
231,2021-09-15,13.588034188034188,8.398290598290599,28.104964539007092,549.625,29.633333333333333,6.883333333333334,8.329166666666667,2.361111111111111,45.65773467213192,25.592283303144878
232,2021-09-16,15.057283142389526,9.527004909983633,25.15731874145007,546.3613445378152,30.063473053892217,6.890756302521009,9.156666666666666,2.263888888888889,45.65794496517162,25.59158604906179
233,2021-09-17,17.2272,10.956869009584665,20.567024128686327,564.6528925619834,28.033136094674557,6.9421487603305785,9.038333333333332,2.461111111111111,45.65869535729042,25.591468993128746
234,2021-09-18,5.7243589743589745,2.8060897435897436,8.047043010752688,568.4166666666666,27.738690476190477,6.716666666666667,3.9691666666666667,2.2375,45.65947571017222,25.589709354971298
235,2021-09-19,4.575899843505478,2.103286384976526,5.191040843214756,550.3916666666667,27.281547619047622,6.716666666666667,3.9983333333333335,2.226388888888889,45.65984802794084,25.589257163230943
236,2021-09-20,8.407894736842104,4.769736842105263,9.840659340659341,546.725,25.004166666666666,6.908333333333333,6.9675,2.3902777777777775,45.659705408679244,25.588571198679247
237,2021-09-21,5.980922098569158,2.8934817170111287,7.6066666666666665,524.75,27.075739644970415,6.775,4.626446280991735,2.245205479452055,45.65991505502872,25.589194686495595
238,2021-09-22,11.210776545166402,6.450079239302694,12.301333333333334,535.3916666666667,26.564071856287423,6.783333333333333,6.479831932773109,2.483098591549296,45.65961135633576,25.588948100590265
239,2021-09-23,8.750407830342578,4.67862969004894,10.191256830601093,511.95,28.297619047619047,6.783333333333333,4.178333333333333,2.2347222222222225,45.65996090839718,25.588952911039875
240,2021-09-24,11.371794871794872,6.684294871794871,12.473118279569892,480.325,28.10833333333333,6.75,7.513333333333334,2.5416666666666665,45.65981132703704,25.588976350092594
241,2021-09-25,9.807692307692308,5.503205128205129,11.818791946308725,478.73333333333335,28.426190476190477,6.766666666666667,6.3148760330578515,2.271232876712329,45.65980492157225,25.58901691084393
242,2021-09-26,12.947949526813881,7.858044164037855,14.828685258964143,509.65833333333336,27.308333333333334,6.841666666666667,7.084033613445378,2.6267605633802815,45.660286593310424,25.587261300206183
243,2021-09-27,13.616852146263911,8.298887122416534,15.89452603471295,522.3166666666667,25.99702380952381,6.891666666666667,6.759166666666667,2.476388888888889,45.658122567963176,25.588509443590333
244,2021-09-28,10.038699690402476,5.893188854489164,12.071895424836601,572.8833333333333,24.089880952380952,6.916666666666667,6.03,2.308333333333333,45.65806746036131,25.585751748528413
245,2021-09-29,7.806737588652482,4.509734513274337,9.24597364568082,555.4380952380952,25.50536912751678,6.803921568627451,5.5,2.316666666666667,45.65813711444068,25.586372455991526
246,2021-09-30,12.224052718286655,7.222039473684211,13.514363885088919,526.8318584070796,25.896875,6.780701754385965,7.0616666666666665,2.4625000000000004,45.65754951831287,25.58547504672079
247,2021-10-01,14.528614457831326,8.772590361445783,16.8125,516.2416666666667,24.99642857142857,6.841666666666667,8.08,2.611111111111111,45.65872113557522,25.586590316902658
248,2021-10-02,12.389880952380953,7.276785714285714,14.608091024020228,519.1,25.83511904761905,6.8,7.368333333333334,2.379166666666667,45.65912344229616,25.587066347875684
249,2021-10-03,13.492625368731563,8.200589970501476,15.382608695652173,522.5583333333333,29.717441860465115,6.8,4.855118110236221,2.4714285714285715,45.65938252779259,25.587689108188695
250,2021-10-04,13.355754857997011,8.164424514200299,15.471867007672634,528.8916666666667,28.669325153374235,6.8,8.867256637168142,2.6955223880597012,45.659047660998894,25.586756168494265
251,2021-10-05,13.307829181494663,8.03290676416819,15.86950146627566,536.0392156862745,28.65234899328859,7.091836734693878,6.803333333333333,2.5694444444444446,45.65938432012007,25.588164161346484
252,2021-10-06,3.7803643724696356,2.3809716599190285,4.173320158102767,543.575,30.31845238095238,6.733333333333333,6.9775,2.4625000000000004,45.657337334471045,25.612366884938222
253,2021-10-07,7.827315541601256,3.9733124018838306,9.11228533685601,542.9166666666666,30.264285714285712,6.65,3.5533333333333332,2.325,45.65807505632839,25.584448303306726
254,2021-10-08,12.834621329211746,7.324574961360123,15.204693611473273,551.325,29.385714285714286,6.75,4.355,2.7027777777777775,45.65901697452086,25.58606390304397
255,2021-10-09,15.730529595015577,9.179127725856699,18.506561679790025,536.3083333333333,29.08214285714286,6.783333333333333,4.644166666666666,2.615277777777778,45.65926699138322,25.586184009070294
256,2021-10-10,13.225806451612904,7.663594470046083,16.28664072632944,511.19166666666666,28.63095238095238,6.783333333333333,5.404166666666667,2.6319444444444446,45.65914283995511,25.586275322109987
257,2021-10-11,13.201228878648234,7.695852534562212,15.517509727626459,515.0083333333333,28.761309523809523,6.833333333333333,8.849166666666667,2.625,45.65914283995511,25.586275322109987
258,2021-10-12,13.192901234567902,7.688271604938271,15.479166666666666,518.3666666666667,28.46607142857143,6.808333333333334,6.4225,2.323611111111111,45.659263216666666,25.58634698873874
259,2021-10-13,15.65105740181269,8.853474320241691,17.695652173913043,517.5916666666667,30.582738095238092,6.783333333333333,6.001666666666667,2.2958333333333334,45.658321252660755,25.588275746119734
260,2021-10-14,15.424092409240924,8.935643564356436,17.058252427184467,527.704347826087,28.619875776397517,6.808695652173913,6.4460869565217385,2.3144927536231887,45.660045142304625,25.583935141945776
261,2021-10-15,18.34769230769231,10.975384615384616,20.354545454545455,506.2083333333333,27.58214285714286,6.941666666666666,7.635833333333333,2.4875,45.6591565105618,25.58626526741573
262,2021-10-16,13.8890625,8.0359375,16.17345597897503,478.5083333333333,26.992899408284025,6.791666666666667,5.983471074380165,2.3657534246575342,45.65931866459909,25.586392545763996
263,2021-10-17,14.977064220183486,8.63914373088685,16.51875808538163,455.625,27.35988023952096,6.816666666666666,5.358823529411765,2.2901408450704226,45.659078285735625,25.586079389469752
264,2021-10-18,15.26388888888889,8.976851851851851,17.19921875,467.025,27.248809523809523,6.816666666666666,7.308333333333334,2.352777777777778,45.659263216666666,25.58634698873874
265,2021-10-19,17.206106870229007,10.250381679389314,19.357050452781372,484.65546218487395,28.791071428571428,6.689075630252101,7.579166666666667,2.3111111111111113,45.65963601312943,25.5871362693025
266,2021-10-20,23.537867078825347,14.42194744976816,27.84876140808344,542.0916666666667,25.327976190476193,6.858333333333333,10.545,2.6958333333333333,45.659118345434045,25.586132953776776
267,2021-10-21,19.6056338028169,11.981220657276996,24.239789196310934,520.2941176470588,27.056287425149698,6.873949579831932,10.449166666666667,2.8763888888888887,45.65869520091116,25.58530658542141
268,2021-10-22,16.167434715821813,9.806451612903226,19.121919584954604,513.2148760330579,29.678106508875743,6.809917355371901,10.844166666666666,2.5680555555555555,45.65919471345291,25.58639837668161
269,2021-10-23,8.319444444444445,4.45679012345679,10.494148244473342,508.21666666666664,30.64378698224852,6.825,6.714049586776859,2.43013698630137,45.65916150592204,25.586304637931033
270,2021-10-24,10.28902627511592,5.561051004636785,11.448453608247423,533.975,30.025149700598803,6.766666666666667,4.854263565891473,2.4160493827160496,45.659263064607366,25.58690010978787
271,2021-10-25,20.124233128834355,11.984662576687116,23.418635170603675,555.4416666666667,27.70416666666667,6.833333333333333,10.212727272727273,2.3677419354838714,45.659403946031745,25.58596078571429
272,2021-10-26,18.813953488372093,11.207751937984495,22.61045751633987,543.0083333333333,28.11904761904762,6.816666666666666,10.8525,1.8541666666666667,45.65892961627119,25.58581847683616
273,2021-10-27,25.746951219512194,15.63109756097561,30.693298969072163,563.0416666666666,28.085714285714282,6.8,13.029166666666667,2.4305555555555554,45.65960271919643,25.58701953794643
274,2021-10-28,32.27412280701754,20.236842105263158,39.31792975970425,570.9764705882353,26.90504201680672,6.91764705882353,12.614117647058825,2.4274509803921567,45.65747310362087,25.582166001064962
275,2021-10-29,28.10232558139535,17.44341085271318,35.556363636363635,549.0583333333333,28.32916666666667,6.883333333333334,10.477777777777778,2.0689393939393943,45.65978485121693,25.590908233862436
276,2021-10-30,23.80923076923077,14.438461538461539,30.13941018766756,549.2083333333334,28.633928571428573,6.808333333333334,11.785416666666668,2.5541666666666667,45.65927165242494,25.58447569330254
277,2021-10-31,22.971935007385525,13.946824224519942,28.365508365508365,566.225,26.75588235294118,6.875,9.857999999999999,2.502,45.65944424697139,25.584773592344852
278,2021-11-01,21.632440476190474,12.912202380952381,26.506970849176174,576.075,26.76666666666667,6.833333333333333,12.995726495726496,2.189855072463768,45.65934260352036,25.585466367216725
279,2021-11-02,24.805059523809526,15.023809523809524,30.325255102040817,570.05,26.257142857142856,6.808333333333334,12.497321428571428,2.2296875,45.659370656637165,25.585252899115048
280,2021-11-03,19.202380952380953,11.459821428571429,24.62878787878788,550.7083333333334,26.705357142857142,6.8,11.445,2.2319444444444443,45.65932591929825,25.585593324561405
281,2021-11-04,7.098950524737631,3.745127436281859,19.321473951715376,487.55833333333334,28.404761904761905,6.833333333333333,7.731666666666667,2.7805555555555554,45.65939400044101,25.585540233737596
282,2021-11-05,12.897546897546897,7.54978354978355,16.929889298892988,519.0166666666667,28.99702380952381,6.958333333333333,7.653333333333333,2.915277777777778,45.654696632797425,25.583198456591642
283,2021-11-06,12.093123209169054,6.825214899713467,15.037897310513447,579.325,27.83214285714286,6.825,5.507499999999999,2.4833333333333334,45.652491418336886,25.581963701492537
284,2021-11-07,20.319303338171263,12.391872278664732,24.129789864029668,567.0666666666667,25.73095238095238,6.933333333333334,8.061666666666666,2.779166666666667,45.65254485080732,25.581835237890207
285,2021-11-08,19.91810344827586,12.168103448275861,26.02784503631961,594.5666666666667,24.859523809523807,6.958333333333333,7.3961538461538465,3.0012195121951217,45.65252188625793,25.582380674418605
286,2021-11-09,11.163793103448276,6.058908045977011,14.249379652605459,601.5,29.760714285714286,6.783333333333333,7.114545454545455,2.6806451612903226,45.652484117062635,25.581480442764576
287,2021-11-10,13.898777173913043,6.619565217391305,13.15891959798995,594.2333333333333,27.707738095238092,6.808333333333334,8.934166666666666,3.2319444444444443,45.658251041121495,25.571490023364483
288,2021-11-11,27.245535714285715,16.886904761904763,32.37752525252525,605.8583333333333,26.34702380952381,6.933333333333334,12.490833333333335,3.536111111111111,45.65216949824562,25.58254179824561
289,2021-11-12,36.81547619047619,23.186011904761905,45.246212121212125,611.0416666666666,26.295238095238098,7.025,14.184166666666666,3.861111111111111,45.65216949824562,25.58254179824561
290,2021-11-13,47.363157894736844,28.42543859649123,55.59444444444444,590.0666666666667,26.775,6.975,13.84,2.9875,45.637459452463766,25.626544612173912
291,2021-11-14,30.8328173374613,19.060371517027864,39.489556135770236,573.45,27.061309523809523,6.95,12.421666666666665,3.3805555555555555,45.65489451738149,25.580285521670426
292,2021-11-15,24.958204334365327,15.304953560371517,32.797650130548305,578.05,26.992857142857144,6.891666666666667,10.995833333333334,3.1097222222222225,45.65311370699774,25.57844704537246
293,2021-11-16,27.98798798798799,17.103603603603602,33.94147582697201,576.1583333333333,27.60892857142857,6.825,12.396666666666667,3.223611111111111,45.65313085916115,25.5794326790287
294,2021-11-17,37.33482142857143,23.06845238095238,45.56944444444444,589.6583333333333,25.326190476190476,6.908333333333333,13.038333333333332,3.55,45.653083379824565,25.579585371929824
295,2021-11-18,47.81492537313433,30.334328358208957,57.79393173198483,602.1440677966102,23.732934131736528,7.11864406779661,12.970247933884298,3.510958904109589,45.653035172580644,25.579483379618768
296,2021-11-19,15.245709828393135,9.36817472698908,20.604568165596003,562.3360655737705,26.5792899408284,6.729508196721311,4.841176470588236,2.952112676056338,45.61560062688267,25.477899036690015
297,2021-11-20,11.352220520673812,6.36906584992343,15.943078913324708,503.64166666666665,25.386309523809523,6.8,5.5008333333333335,2.7416666666666667,45.65565511243001,25.58650403717805
298,2021-11-21,24.998439937597503,15.034321372854913,30.345597897503286,521.2166666666667,23.807142857142857,6.875,8.3325,2.9166666666666665,45.65561499704881,25.586587505334844
299,2021-11-22,28.07197549770291,16.95405819295559,34.68601583113456,534.8166666666667,24.41111111111111,7.033333333333333,8.926666666666668,3.2015873015873013,45.65566254214123,25.586210802050115
300,2021-11-23,18.879019908116387,11.241960183767228,24.674807197943444,505.3333333333333,24.189285714285717,6.933333333333334,7.424,2.471232876712329,45.65584300282528,25.587069954126395
301,2021-11-24,29.465224111282843,17.82225656877898,34.818897637795274,519.1916666666667,24.603571428571428,6.875,13.933913043478261,2.9676056338028167,45.655618295773586,25.58617425607547
302,2021-11-25,46.90217391304348,29.549689440993788,56.52156862745098,565.0083333333333,23.729166666666668,7.075,16.405,2.548611111111111,45.65541468006031,25.586124233923858
303,2021-11-26,25.87111801242236,16.009316770186334,36.02929427430093,479.8,25.957738095238092,6.933333333333334,13.3475,2.136111111111111,45.65535022455475,25.585843377529365
304,2021-11-27,16.880733944954127,12.357798165137615,19.714470284237727,465.6666666666667,27.50595238095238,6.725,10.120833333333334,2.415277777777778,45.65603680357942,25.587138272035794
305,2021-11-28,13.0,7.7784615384615385,17.236363636363638,502.125,25.696428571428573,6.858333333333333,13.1375,2.783333333333333,45.65512839370787,25.58588189573034
306,2021-11-29,5.436728395061729,2.521604938271605,7.81640625,522.0583333333333,27.316666666666666,6.791666666666667,9.9,2.826388888888889,45.655622390090095,25.586472246846846
307,2021-11-30,12.475384615384616,6.955384615384616,14.825974025974025,554.5,25.860119047619047,6.825,5.095,2.401388888888889,45.65591933752809,25.586898592359553
308,2021-12-01,10.116385911179172,5.667687595712098,12.531694695989652,540.9083333333333,26.02797619047619,6.808333333333334,9.828333333333335,2.4180555555555556,45.65588929272116,25.5869265612542
309,2021-12-02,17.773228346456694,10.862992125984253,22.625165562913907,507.1666666666667,27.316666666666666,6.85,17.695833333333333,2.875,45.65512238902857,25.585523551085714
310,2021-12-03,7.983383685800605,4.163141993957704,11.033248081841432,473.78333333333336,31.06607142857143,6.716666666666667,8.090833333333332,2.384722222222222,45.65483865454546,25.58872409578714
311,2021-12-04,24.096069868995635,14.612809315866084,27.154894671623296,519.3333333333334,25.14107142857143,6.9,11.314166666666667,2.9875,45.654863599137,25.590624364617046
312,2021-12-05,30.97001499250375,19.308845577211393,37.83989834815756,536.6583333333333,23.64047619047619,7.05,13.932500000000001,2.8305555555555557,45.654261407276735,25.58952529878721
313,2021-12-06,23.769805680119582,14.65321375186846,29.806733167082296,522.2166666666667,24.765193370165747,6.95,17.875187969924813,3.1564705882352944,45.655338022022306,25.590259022670026
314,2021-12-07,15.652757078986587,9.317436661698956,20.673521850899743,535.9,25.76967741935484,6.883333333333334,20.50373831775701,3.3813559322033897,45.653254064602756,25.589005520328236
315,2021-12-08,17.457227138643066,10.443952802359883,19.506265664160402,546.025,23.97202380952381,7.041666666666667,9.8625,2.536111111111111,45.65420922320261,25.590541589324616
316,2021-12-09,28.066165413533835,16.94436090225564,33.21783439490446,536.575,23.808928571428574,7.05,15.53,2.9347222222222222,45.654510857900554,25.589812658563535
317,2021-12-10,30.333333333333332,19.08,35.778616352201254,517.5166666666667,24.366666666666667,6.916666666666667,20.81833333333333,3.0194444444444444,45.65458496655738,25.589348248306013
318,2021-12-11,30.475336322869953,18.862481315396114,37.89733840304182,488.375,24.573214285714286,6.883333333333334,15.744166666666667,2.773611111111111,45.654320211661165,25.590363477227722
319,2021-12-12,12.273932253313697,7.335787923416789,15.030037546933666,453.025,25.85535714285714,6.858333333333333,11.144166666666667,2.6375,45.654396072252446,25.589895094668115
320,2021-12-13,13.819710829153143,7.144880495721452,15.754985754985755,496.075,25.205917159763313,6.816666666666666,9.30909090909091,2.6547945205479455,45.65853002830778,25.598077415113398
321,2021-12-14,15.558599695585997,8.780821917808218,17.202319587628867,504.725,25.85928143712575,6.816666666666666,7.434453781512605,2.5605633802816903,45.65362277543729,25.590846473018235
322,2021-12-15,20.527272727272727,11.734848484848484,22.77820512820513,516.5,25.00297619047619,6.841666666666667,7.635833333333333,2.3736111111111113,45.65694807155556,25.589650795333334
323,2021-12-16,24.2391870766024,9.160500260552372,31.675171736997054,516.075,25.20357142857143,6.816666666666666,10.163333333333332,2.55,45.654502879895,25.5885575418777
324,2021-12-17,19.465960665658095,11.583963691376702,22.432989690721648,496.40833333333336,25.021686746987953,6.841666666666667,10.17304347826087,2.5347826086956524,45.65482031949405,25.583999109672618
325,2021-12-18,13.10541727672035,7.1405563689604685,15.196762141967621,474.375,25.98333333333333,6.8,6.28,2.3125,45.6514367084507,25.583560086890575
326,2021-12-19,11.620272314674736,6.403933434190621,12.96414852752881,454.3333333333333,25.973214285714285,6.791666666666667,7.953333333333333,2.1305555555555555,45.652332714650385,25.58061266614872
327,2021-12-20,8.086510263929618,4.197947214076247,9.283042394014963,462.1666666666667,25.875,6.8,8.100833333333334,2.4847222222222225,45.65116975748373,25.579215775271148
328,2021-12-21,9.033794162826421,4.477726574500768,10.045395590142672,491.775,26.18452380952381,6.816666666666666,6.718333333333334,2.405555555555556,45.65297012334455,25.583998630976428
329,2021-12-22,20.7521613832853,11.851585014409222,23.313267813267814,499.76666666666665,27.883928571428573,6.8,11.8425,2.7680555555555557,45.65244343029978,25.582627718201287
330,2021-12-23,43.600301659125186,27.47209653092006,50.90549169859515,505.6166666666667,26.96547619047619,6.933333333333334,19.0075,3.9791666666666665,45.65181788859358,25.582324486600225
331,2021-12-24,28.626666666666665,17.936296296296295,36.49811320754717,461.5083333333333,28.572023809523813,6.941666666666666,11.885,24.48611111111111,45.64867142885246,25.579408049836065
332,2021-12-25,12.256797583081571,7.146525679758308,17.872448979591837,454.1333333333333,26.41547619047619,6.808333333333334,8.62049180327869,26.731506849315068,45.65449599793434,25.583428116709705
333,2021-12-26,14.78012048192771,8.835843373493976,25.374680306905372,485.90833333333336,24.401785714285715,6.833333333333333,10.14322033898305,4.323943661971831,45.65225762947913,25.581941228518655
334,2021-12-27,18.641618497109828,11.328034682080926,21.374384236453203,489.15833333333336,24.281547619047622,6.883333333333334,12.1,4.155555555555555,45.65030556373391,25.58145125858369
335,2021-12-28,18.544227886056973,11.184407796101949,21.010165184243963,489.5083333333333,24.11845238095238,6.908333333333333,10.228333333333333,4.245833333333334,45.65412123969129,25.583523785005514
336,2021-12-29,35.37735849056604,22.23076923076923,40.47960444993819,496.0416666666667,23.71309523809524,7.033333333333333,13.521666666666667,3.980555555555556,45.65256354833154,25.58312241765339
337,2021-12-30,15.452743902439025,9.064024390243903,19.09536082474227,487.93333333333334,24.65892857142857,6.916666666666667,7.9816666666666665,3.2750000000000004,45.65038349486607,25.58079398125
338,2021-12-31,21.272450532724505,12.93607305936073,23.104247104247104,481.1666666666667,24.844047619047622,6.841666666666667,11.021666666666667,4.074999999999999,45.65224428918618,25.58095226176143
339,2022-01-01,9.673529411764706,5.451470588235294,11.8475,450.85833333333335,26.015476190476193,6.808333333333334,4.109166666666667,3.941666666666667,45.65187917217391,25.582090113043474
340,2022-01-02,17.004464285714285,10.196428571428571,18.036569987389658,472.0083333333333,25.499408284023666,6.8,8.70495867768595,4.310958904109589,45.65191808788321,25.582007254744525
341,2022-01-03,14.588235294117647,8.841628959276019,18.331202046035806,497.57142857142856,26.853614457831323,6.798319327731092,10.242016806722688,5.1563380281690145,45.65190171376758,25.58190522242783
342,2022-01-04,12.675567423230975,7.678237650200267,14.197928653624857,491.2314049586777,27.637869822485207,6.760330578512397,13.8425,3.9583333333333335,45.64864077919192,25.576275823636365
343,2022-01-05,17.76049766718507,10.880248833592535,20.684141546526867,536.475,27.985119047619047,6.791666666666667,20.275,3.3402777777777777,45.653373955152894,25.58406561223103
344,2022-01-06,19.308755760368662,12.225806451612904,22.811932555123217,573.9666666666667,28.15297619047619,6.858333333333333,11.673333333333334,2.6375,45.653909232772165,25.58559138945006
345,2022-01-07,15.160849772382397,9.139605462822459,16.55584082156611,558.3333333333334,29.6875,6.816666666666666,9.489166666666668,2.290277777777778,45.65261477908788,25.58333180422692
346,2022-01-08,12.355223880597014,7.520895522388059,13.424050632911392,532.875,29.45714285714286,6.825,12.816666666666666,2.5430555555555556,45.6514581367033,25.58136947912088
347,2022-01-09,19.683658170914544,11.892053973013493,21.324015247776366,529.3083333333333,27.952976190476193,6.85,9.440833333333334,2.4402777777777778,45.65196201256891,25.581887476295478
348,2022-01-10,15.82274741506647,9.444608567208272,18.097867001254706,510.19166666666666,29.50297619047619,6.825,9.082500000000001,2.6194444444444445,45.65191515528899,25.582053580152674
349,2022-01-11,13.753343239227341,7.560178306092125,15.031525851197982,523.9416666666667,29.70714285714286,6.8,9.178333333333335,2.086111111111111,45.652203406790804,25.58237344140197
350,2022-01-12,20.17378497790869,11.68483063328424,21.98875,549.3333333333334,29.95739644970414,6.825,14.701652892561984,1.5191780821917809,45.65258311162622,25.5829324795364
351,2022-01-13,24.253776435045317,14.443267776096823,27.176696542893726,547.9166666666666,30.082634730538924,6.808333333333334,10.033613445378151,1.9901408450704228,45.65125791973343,25.580940062939654
352,2022-01-14,21.463126843657818,12.591445427728614,24.05513784461153,494.5833333333333,30.17083333333333,6.808333333333334,8.713333333333333,1.7597222222222222,45.65218048627451,25.58220573529412
353,2022-01-15,14.515509601181684,8.202363367799114,15.94228356336261,481.0,31.601190476190474,6.8,6.258333333333334,1.5750000000000002,45.652218388658675,25.582692160305342
354,2022-01-16,26.439209726443767,15.94224924012158,28.78020565552699,501.9,29.595833333333335,6.808333333333334,19.225,2.2777777777777777,45.65105861737194,25.58055918040089
355,2022-01-17,19.188694591297274,9.052053680357869,24.67545560294688,497.8333333333333,28.544047619047618,6.841666666666667,11.554166666666667,1.9444444444444444,45.62496446661727,25.669996920785476
356,2022-01-18,11.376647834274953,6.633709981167608,11.898477157360405,503.075,32.44285714285714,6.791666666666667,4.988333333333333,1.5347222222222223,45.63293661628264,25.5424881453149
357,2022-01-19,23.786173633440516,14.188102893890676,25.06864064602961,504.7416666666667,29.898816568047334,6.783333333333333,14.98099173553719,2.254794520547945,45.65465643274131,25.581346063938224
358,2022-01-20,34.42788461538461,21.90224358974359,40.07544757033248,499.5126050420168,27.476373626373626,6.957983193277311,25.03607594936709,2.2284210526315786,45.65531729049204,25.583209155382907
359,2022-01-21,9.69352290679305,5.109004739336493,11.121848739495798,512.099173553719,32.288888888888884,6.743801652892562,9.995061728395061,2.0104166666666665,45.65491324384984,25.580835119888178
360,2022-01-22,14.256369426751592,8.320063694267516,18.58288770053476,531.65,31.44047619047619,6.808333333333334,7.045,1.7402777777777778,45.65508251889401,25.582024750230413
361,2022-01-23,19.468852459016393,11.452459016393442,21.627397260273973,545.0083333333333,31.262500000000003,6.833333333333333,8.266666666666667,1.9819444444444443,45.65384630635294,25.57993551670588
362,2022-01-24,25.360576923076923,14.830128205128204,28.493279569892472,536.8083333333333,30.032738095238095,6.883333333333334,14.184166666666666,1.7486111111111111,45.65489581296296,25.58185775023148
363,2022-01-25,31.278846153846153,19.11378205128205,35.858870967741936,522.45,30.638095238095236,6.9,20.290000000000003,2.1555555555555554,45.65469248888889,25.58123170162037
364,2022-01-26,29.08709175738725,17.8149300155521,32.91743119266055,501.46666666666664,31.347619047619045,6.841666666666667,12.138333333333332,1.7222222222222223,45.65606090872027,25.583683632163083
365,2022-01-27,29.5944170771757,18.316912972085387,34.10013717421125,460.95,29.763690476190476,6.858333333333333,14.4825,1.865277777777778,45.653771484570086,25.579810929564193
366,2022-01-28,16.342995169082126,9.610305958132045,18.518218623481783,433.5083333333333,31.4125,6.8,9.816666666666666,1.875,45.65449435818815,25.58107668664344
367,2022-01-29,13.253205128205128,7.415064102564102,14.170698924731182,442.6666666666667,32.24107142857143,6.8,8.335833333333333,1.8333333333333333,45.65479415092593,25.581544725925927
368,2022-01-30,9.528846153846153,5.193910256410256,10.776881720430108,441.4916666666667,32.43869047619047,6.758333333333334,8.564166666666667,1.7416666666666667,45.65479415092593,25.581544725925927
369,2022-01-31,13.774447949526813,7.834384858044164,14.6657824933687,469.6333333333333,32.09166666666666,6.791666666666667,14.230833333333333,1.836111111111111,45.65511404736842,25.582329143249428
370,2022-02-01,50.96668299853013,35.764821166095054,65.96022201665124,513.1,28.12130177514793,6.883333333333334,29.480991735537188,1.6260273972602741,45.66077847317074,25.568725857105303
371,2022-02-02,20.301324503311257,12.26158940397351,24.152143845089903,480.2416666666667,31.707784431137725,6.783333333333333,20.274789915966384,1.7718309859154928,45.654980701582275,25.582785237183543
372,2022-02-03,12.981481481481481,7.297979797979798,13.624649859943977,504.65833333333336,31.947619047619046,6.808333333333334,11.869166666666667,1.7638888888888888,45.65406238657074,25.581372795203837
373,2022-02-04,25.689144736842106,15.555921052631579,26.892857142857142,514.95,30.37797619047619,6.808333333333334,27.125833333333333,2.1694444444444443,45.65510755943396,25.583095343396227
374,2022-02-05,43.57258064516129,28.061290322580646,48.21891891891892,542.7083333333334,28.75595238095238,6.866666666666666,27.754166666666666,1.5569444444444445,45.65284119348837,25.57917555255814
375,2022-02-06,20.762820512820515,12.39102564102564,24.29032258064516,500.35,30.958928571428572,6.775,21.839166666666664,2.011111111111111,45.65258468333333,25.57862373055556
376,2022-02-07,26.58970588235294,16.772058823529413,29.8525,518.4833333333333,28.820238095238096,6.791666666666667,27.545833333333334,2.2819444444444446,45.6549197373913,25.582713120869563
377,2022-02-08,8.97271268057785,4.60513643659711,10.561238223418574,519.9833333333333,32.75297619047619,6.791666666666667,10.066666666666666,1.8125,45.65100898539977,25.576207364078794
378,2022-02-09,17.61230769230769,10.29076923076923,18.12727272727273,513.5916666666667,30.263095238095236,6.791666666666667,18.546666666666667,1.6222222222222222,45.652878881348315,25.579334500224718
379,2022-02-10,30.004601226993866,18.5260736196319,33.03756476683938,524.525,27.886904761904763,6.816666666666666,29.923333333333336,1.8930555555555557,45.65223047993273,25.57774248699552
380,2022-02-11,39.15251572327044,24.63364779874214,43.38441215323646,560.9583333333334,27.802366863905327,6.841666666666667,31.27107438016529,2.680821917808219,45.652763510524316,25.579719206686928
381,2022-02-12,57.112633181126334,48.018264840182646,55.608247422680414,552.1166666666667,30.63233532934132,6.816666666666666,15.141176470588235,1.4816901408450704,45.6534516649051,25.580222496315592
382,2022-02-13,24.155038759689923,14.572093023255814,26.56339869281046,568.875,30.68511904761905,6.825,18.628333333333334,1.7472222222222222,45.65319915525424,25.579638568587573
383,2022-02-14,31.55475763016158,19.66427289048474,34.65460030165912,559.7333333333333,29.069594594594594,6.857142857142857,23.482075471698113,1.703125,45.65150651449024,25.577190775878524
384,2022-02-15,39.22839506172839,24.45679012345679,43.84093872229465,535.3083333333333,28.50479041916168,6.85,27.13193277310924,2.1901408450704225,45.65275466,25.579064814887214
385,2022-02-16,33.59104938271605,20.96759259259259,38.58203125,513.8916666666667,28.366666666666667,6.858333333333333,22.118333333333332,1.6625,45.6528129036036,25.579196814414413
386,2022-02-17,22.26275115919629,13.704791344667697,25.486310299869622,489.275,30.100595238095234,6.816666666666666,17.800833333333333,2.0458333333333334,45.652819484103716,25.579178745434046
387,2022-02-18,10.251524390243903,5.704268292682927,11.416237113402062,530.7666666666667,32.438095238095244,6.766666666666667,12.401666666666667,1.775,45.653310741517856,25.580046836160715
388,2022-02-19,12.210200927357032,7.030911901081916,13.25554106910039,514.15,32.45238095238095,6.783333333333333,13.751666666666667,1.8416666666666666,45.65226395084555,25.578464650732805
389,2022-02-20,10.384735202492212,5.660436137071651,10.97516339869281,547.5166666666667,33.0435294117647,6.808333333333334,9.678048780487806,1.881081081081081,45.65292919322289,25.5792484061747
390,2022-02-21,15.182235834609495,9.110260336906585,16.44935064935065,526.7833333333333,31.80783132530121,6.816666666666666,20.704273504273505,2.4157142857142855,45.653020237242416,25.57953429014612
391,2022-02-22,20.345256609642302,12.265940902021773,22.13350785340314,589.8166666666667,28.70887573964497,6.808333333333334,17.492561983471074,1.5794520547945206,45.65252192868451,25.578734513230305
392,2022-02-23,13.347758887171562,7.703245749613601,15.335064935064935,580.3083333333333,30.149122807017545,6.8,12.917886178861789,1.4946666666666666,45.653005131612424,25.57937807093154
393,2022-02-24,18.434250764525995,10.663608562691131,19.62077922077922,570.725,30.754268292682926,6.825,13.053448275862069,1.6764705882352942,45.65298893998499,25.579576951087773
394,2022-02-25,25.020123839009287,15.289473684210526,27.721932114882506,545.2333333333333,29.30595238095238,6.816666666666666,25.120833333333334,2.036111111111111,45.65250827358916,25.57875212099323
395,2022-02-26,22.51145038167939,13.948091603053435,25.59483870967742,558.218487394958,29.564670658682637,6.823529411764706,16.34916666666667,1.6916666666666667,45.653551094407156,25.58027133243848
396,2022-02-27,13.18025078369906,7.495297805642633,14.725593667546175,522.99173553719,31.35207100591716,6.768595041322314,11.906666666666666,1.613888888888889,45.65256254197952,25.57866691149033
397,2022-02-28,13.906584992343031,8.0260336906585,14.994825355756792,547.525,31.451190476190476,6.808333333333334,9.76,1.551388888888889,45.65262256483763,25.579083896080625
398,2022-03-01,14.020061728395062,8.104938271604938,15.121761658031089,523.6416666666667,31.75568862275449,6.781512605042017,11.8625,1.8180555555555555,45.65315863312078,25.57985691177794
399,2022-03-02,18.888364779874212,11.286163522012579,20.038359788359788,506.225,31.487499999999997,6.808333333333334,15.0375,1.75,45.65249106894977,25.578460791324204
400,2022-03-03,20.74473684210526,12.478947368421053,23.04431818181818,494.8666666666667,31.226190476190474,6.808333333333334,15.065,1.9249999999999998,45.6583624104,25.5799660432
401,2022-03-04,26.551976573938507,16.011713030746705,30.141967621419678,481.781512605042,29.85868263473054,6.764705882352941,20.240833333333335,1.5597222222222222,45.628525134924075,25.565839513232103
402,2022-03-05,33.35880398671096,20.47840531561462,36.70360110803324,478.73553719008265,33.92603550295858,6.851239669421488,16.49,1.7416666666666667,45.658876648161325,25.58369552930012
403,2022-03-06,22.82952380952381,13.615238095238094,26.95897435897436,491.75,31.947619047619046,6.8,10.524166666666668,1.4180555555555554,45.623861039069766,25.492657479224807
404,2022-03-07,22.55897435897436,13.331623931623932,24.002836879432625,501.80833333333334,32.04107142857143,6.783333333333333,12.446666666666665,1.525,45.66220049745454,25.590975606303033
405,2022-03-08,21.00485436893204,11.909385113268609,23.149051490514903,499.5083333333333,33.96309523809524,6.733333333333333,13.359166666666665,1.9527777777777777,45.65665686060606,25.586911523543126
406,2022-03-09,22.3456,13.1392,24.522147651006712,532.0083333333333,31.10892857142857,6.791666666666667,18.7975,1.7972222222222223,45.65548655306358,25.586379164393062
407,2022-03-10,20.077170418006432,11.866559485530546,22.637466307277627,551.9916666666667,30.867261904761904,6.791666666666667,18.17,1.5597222222222222,45.6553528450116,25.586138437587007
408,2022-03-11,13.76083467094703,7.412520064205458,15.528936742934052,542.1166666666667,33.188095238095244,6.783333333333333,10.545,1.5305555555555557,45.65509843151796,25.585834413904983
409,2022-03-12,14.251592356687897,7.848726114649682,15.54946524064171,515.7666666666667,33.730357142857144,6.840336134453781,9.293333333333333,1.6083333333333334,45.65585567506723,25.586923455090282
410,2022-03-13,20.644654088050313,12.563779527559054,22.513227513227513,482.875,34.26309523809524,6.8,9.2875,1.8055555555555556,45.65610383372668,25.587662459307197
411,2022-03-14,29.50485436893204,18.179611650485437,32.67479674796748,495.675,31.833928571428572,6.791666666666667,24.99416666666667,1.9972222222222225,45.654962303496504,25.585285615617714
412,2022-03-15,34.521826729348554,22.375419744795163,40.99937849596022,529.9,31.25357142857143,6.833333333333333,29.68166666666667,1.7874999999999999,45.65053131659919,25.58782972712551
413,2022-03-16,53.64528301886792,34.339622641509436,60.17817014446228,538.5714285714286,28.97548387096774,6.840336134453781,29.043010752688172,2.0927272727272728,45.65579329568345,25.584391607733814
414,2022-03-17,15.18867924528302,8.460377358490566,19.8,528.6528925619834,33.32248520710059,6.8429752066115705,9.553333333333335,1.7874999999999999,45.65640574370947,25.58593336083009
415,2022-03-18,19.176470588235293,11.15180265654649,20.1640866873065,520.425,34.09880952380953,6.758333333333334,13.953333333333335,1.6,45.655988583869565,25.58532860556522
416,2022-03-19,24.12063492063492,15.179365079365079,26.250332889480692,552.3856502242153,27.36985294117647,9.663677130044842,15.850413223140496,1.8575342465753424,45.653264440916864,25.586227930071843
417,2022-03-20,31.725233644859813,19.530841121495328,34.24617737003058,536.5104166666666,34.17062937062937,5.25,19.572268907563025,2.0605633802816903,45.6571126547799,25.58547260497999
418,2022-03-21,32.23550724637681,19.806159420289855,36.07440476190476,522.3958333333334,36.14930555555556,5.25,24.48166666666667,2.1819444444444445,45.657059419791665,25.586032129166668
419,2022-03-22,24.224043715846996,14.768670309653917,27.597907324364723,528.8229166666666,34.84375,5.25,20.624166666666667,2.1555555555555554,45.657375017516344,25.586350929673202
420,2022-03-23,22.829787234042552,13.75531914893617,25.41374269005848,552.5208333333334,33.75555555555556,5.25,23.465833333333332,2.348611111111111,45.65679917358974,25.585605711794873
421,2022-03-24,26.058098591549296,16.551056338028168,29.322674418604652,522.0487804878048,33.45380116959065,6.821138211382114,21.401666666666664,2.6069444444444443,45.656047348212084,25.5862853134402
422,2022-03-25,19.31551724137931,11.45,21.904285714285713,566.4491525423729,31.90542168674699,6.5,13.710833333333333,1.851388888888889,45.65603604205379,25.585463374327627
423,2022-03-26,23.892234548335974,14.953968253968254,26.684986595174262,545.2936507936508,33.12616279069767,6.317460317460317,14.489565217391304,1.8275362318840578,45.653823624015295,25.580785548221797
424,2022-03-27,15.515650741350907,9.359143327841846,17.054945054945055,502.45283018867923,37.821935483870966,6.5754716981132075,5.954545454545454,1.821917808219178,45.65257066767879,25.576776735357573
425,2022-03-28,21.166666666666668,13.197115384615385,23.0,526.5,31.75269461077844,6.7,19.393277310924372,2.250704225352113,45.65262626939722,25.578207400927358
426,2022-03-29,33.30962962962963,21.488888888888887,37.35723270440251,551.2666666666667,31.61497005988024,6.890756302521009,27.09416666666667,3.558333333333333,45.65301050864018,25.57819730718192
427,2022-03-30,29.460949464012252,19.301684532924963,34.85122897800776,497.99441340782124,24.587665198237882,8.441340782122905,23.2075,3.2708333333333335,45.65145623046218,25.580082564285714
428,2022-03-31,20.080560420315237,12.516637478108581,24.622286541244573,543.2083333333334,34.56527777777777,5.25,15.233333333333333,2.3944444444444444,45.653687809911055,25.578613320457432
429,2022-04-01,7.459866220735786,3.5434782608695654,9.64066852367688,531.4583333333334,37.65347222222223,5.25,8.681666666666667,1.7166666666666666,45.65351456191646,25.578426925307124
430,2022-04-02,7.526315789473684,3.6353383458646618,8.02760736196319,579.4545454545455,35.59411764705882,5.25,7.3933333333333335,1.65,45.65402193756757,25.578446823783782
431,2022-04-07,29.0,19.0,36.0,,,,,,45.703545999999996,25.679012
432,2022-04-10,5.0,2.0,6.0,,,,,,45.646976,25.595224
433,2022-04-11,12.36734693877551,7.224489795918367,12.067796610169491,618.4,32.82857142857143,6.6,11.629999999999999,2.3666666666666667,45.651628128502416,25.575775656038644
